Naam,CPU Percentage,timediff
Im Rec,59.45,14.809772491455078
Im Rec,60.225,14.620817422866821
Im Rec,59.65,14.564473628997803
