Naam,CPU Percentage,timediff
Im Rec,59.949999999999996,14.768120527267456
Im Rec,60.45,14.556797742843628
