Naam,CPU Percentage,timediff
Im Rec,58.974999999999994,14.88251256942749
Im Rec,59.550000000000004,14.620790958404541
Im Rec,60.75,14.39348578453064
Im Rec,59.825,14.641108512878418
